{"iter": 100, "train/loss": 2.5495059490203857, "val/loss": 2.5897488594055176, "lr": 3e-05, "mfu": 1.3807506733485992, "_timestamp": 1679871123.091611, "_runtime": 2469.843717813492, "_step": 20, "_wandb": {"runtime": 2495}}