{"iter": 0, "train/loss": 4.671261310577393, "val/loss": 4.677156925201416, "lr": 0.0, "mfu": -100.0, "_timestamp": 1679872055.657494, "_runtime": 48.31226706504822, "_step": 0, "_wandb": {"runtime": 49}}