{"iter": 2500, "train/loss": 0.7803030610084534, "val/loss": 1.039038062095642, "lr": 0.00564423209907245, "mfu": 1.154650374570617, "_timestamp": 1679888768.2900789, "_runtime": 16388.90598797798, "_step": 10, "_wandb": {"runtime": 16394}}